year,week,sentiment,mental_health_count,post_count,crash_period,event,recommendation
2025,13,0.17620000000000002,0,33,False,,
2025,14,0.4863133333333333,0,45,False,,
2025,15,0.28457857142857146,1,42,False,,
2025,16,0.48484864864864863,0,37,False,,
2025,17,0.23452093023255816,0,43,False,,
